root_id,x_um,y_um,z_um,observed_half_residual,generated_mean_half_residual,generated_sd_half_residual,difference
864691134886335738,652.3171776339622,238.02135205445677,895.7600000000002,-0.009066338146642696,0.025324799063224684,0.4532272603324,-0.03439113720986738
864691134887552506,658.9121558603497,111.97248829839792,871.1600000000002,0.6039522370973154,-0.049118874626115944,0.22507795167145025,0.6530711117234314
864691134919972106,708.7410957626744,123.27035837246554,821.7600000000002,0.542516674842838,-0.0068824845662752605,0.25920987220845626,0.5493991594091133
864691134941412707,703.8053170035387,173.07770891473857,872.1200000000002,-0.06722439742045269,0.06527650584992868,0.5271504922145147,-0.1325009032703814
864691134941495395,672.2418230168273,235.71713106525684,871.1200000000002,-0.041671909781723526,-0.13919736134987407,0.5828368720303606,0.09752545156815054
864691134942468707,692.5050767592543,153.9078811006592,882.2800000000002,-0.21248188632013787,-0.05877045255839865,0.361525537352664,-0.15371143376173924
864691134942472035,669.2078129037207,164.65428407307976,834.5600000000003,0.38049749260654364,-0.01201084988872288,0.5265415217449203,0.3925083424952665
864691134950156796,726.0811767593638,117.46354934958089,829.8400000000003,0.09850826986669148,-0.001143185045142112,0.2359602227401344,0.0996514549118336
864691134966495519,671.0720969676802,182.99857269185333,820.0400000000003,-0.18395184295429606,-0.0009001742620775438,0.49936237259202243,-0.1830516686922185
864691134991010426,674.6418518993034,200.2071812854658,825.7200000000003,-0.0746630636870022,-0.0449098301474237,0.5364998816429163,-0.029753233539578504
864691135014734486,641.7902229906399,240.11985293304485,882.4000000000002,-0.04572540239292561,0.02936845077433184,0.5802287049428798,-0.07509385316725745
864691135015652246,687.1402857224414,181.44911144956208,852.1600000000002,0.41549356445111874,0.0697797408064174,0.5143173171076841,0.3457138236447013
864691135060651419,669.2522053564992,143.58598187973402,856.8800000000002,0.27819997396093515,0.0014063792135993597,0.43723116377036286,0.2767935947473358
864691135060727707,668.6850154449779,94.2608510070818,891.6800000000003,-0.1999332432083643,0.020515350594681934,0.2411484330985664,-0.22044859380304624
864691135067961412,677.9666383076221,119.614275174946,884.7200000000003,-0.27380912043349864,0.049896528797045425,0.34648303498891886,-0.32370564923054407
864691135102151968,677.3302301383853,222.3497480392013,871.3200000000003,0.23985424272873734,-0.09589357828043035,0.5900957546512929,0.33574782100916767
864691135102274592,650.9226274013787,107.09760460713989,847.3600000000002,0.9555794789703811,-0.005672881148962682,0.24214503702831405,0.9612523601193438
864691135102353696,673.2083715377231,80.00885431685543,890.0400000000003,-0.1001225053328372,0.015237594570757835,0.20220367905597444,-0.11536009990359504
864691135102381856,705.653358387474,164.43789924997958,892.2400000000002,-0.27933320831325603,0.02628506023371953,0.33629145970975916,-0.30561826854697555
864691135135019168,670.3528282649409,216.92096925420228,854.3200000000003,-0.5359915558870121,0.029641655289185054,0.6374141484625729,-0.5656332111761971
864691135136360217,697.914983285681,240.4045313905711,872.7200000000003,-0.24013014517517414,-0.056711479956856214,0.6316381577846053,-0.18341866521831793
864691135157198692,633.3560177927385,237.3903770346911,874.9600000000003,-0.032281654173471064,0.015388233829305844,0.46241756546224816,-0.04766988800277691
864691135164772653,661.0852222034248,91.5401322260162,877.6000000000003,0.05222595194279153,3.815906942258862e-05,0.19588779118847477,0.05218779287336894
864691135164887085,671.1087147483371,108.41394712372346,900.1200000000002,-0.4206785311269217,0.018476178298272233,0.2959982289642725,-0.43915470942519397
864691135164887853,680.3293847212267,170.445630747909,827.2800000000002,-0.6487417475080406,0.028237388277920026,0.5305166735210637,-0.6769791357859606
864691135183999490,629.0956929755907,184.01595948796376,884.4000000000002,0.9870509657317985,-0.0034786640813694314,0.42940344759564647,0.9905296298131679
864691135210134905,696.6192471572385,179.58014539378982,901.1200000000002,0.1880912692119716,0.04763178153162133,0.4249019892389981,0.14045948768035027
864691135210387321,650.0972038498271,126.81268604142632,872.4000000000002,0.3029141570898954,0.0029356236510160033,0.34691016459480367,0.29997853343887937
864691135214986368,717.9042232830699,241.76789646522496,849.7200000000003,0.2642470931560571,0.04657316035189919,0.49568822453048117,0.21767393280415792
864691135234382937,698.373763821927,216.80270467271802,901.2000000000003,-0.43105134990900346,0.02210728503887783,0.4428120650011891,-0.4531586349478813
864691135257669039,652.630035038553,207.2756225909298,879.6000000000003,-0.08283913013938116,0.00769281810129741,0.4669622795890463,-0.09053194824067856
864691135258509487,677.4635523147853,242.85539802151786,847.3600000000002,-0.09386609634839482,-0.04253305475313122,0.44328638021945355,-0.051333041595263605
864691135258646703,638.895113021469,189.49889946250647,851.9200000000003,-0.09992368234974008,0.010071873995066906,0.49194229668803763,-0.10999555634480698
864691135271038885,655.3774007503125,159.71810056080454,812.6000000000003,-0.1432202333255277,0.030245123664939488,0.3676089108816926,-0.17346535699046717
864691135272003237,696.9327692500442,137.07773614563868,861.2800000000002,0.12024033813379897,-0.0170037079838731,0.4078642385978098,0.13724404611767207
864691135274038801,716.7907394842979,229.52827450088824,827.7200000000003,-0.12476963115771202,-0.017741851199456843,0.4417821659806778,-0.10702777995825517
864691135274195217,666.142242580599,121.85624254552857,904.6000000000003,-0.3522024057433778,-0.004898175817881812,0.2837365343395992,-0.347304229925496
864691135276132325,626.8475985930119,194.291125260204,829.8000000000003,0.1648388514203113,0.05899441797777934,0.4669909231812672,0.10584443344253196
864691135276234469,707.3107086081466,207.1769819524199,833.4000000000002,-0.1256725005991023,0.09887127175448585,0.3950450950586172,-0.22454377235358813
864691135276504549,644.1304257198489,128.92468385099252,860.3600000000002,-0.12618758807185623,-0.0670993666489343,0.3783762511127846,-0.05908822142292193
864691135277186789,628.3412801599445,210.99687862174395,820.8800000000002,0.4293044651251957,-0.03278158629910913,0.33732942856237835,0.4620860514243048
864691135277309669,667.947741285079,157.0274391476933,806.5200000000002,-0.3796774603921229,0.09735044330588855,0.37610642533208893,-0.47702790369801146
864691135294361782,655.761962753334,197.9129603205396,819.4400000000003,0.2519320450926189,0.0013646723955928822,0.4351315770730437,0.250567372697026
864691135294442678,668.4064931737583,201.7174811112519,888.2800000000002,1.6528810842709147,0.09550825018850516,0.5835328115161458,1.5573728340824096
864691135294520844,670.1099413292117,304.14370912137485,822.5200000000002,-0.0481743719520931,0.0353501982919463,0.3464975199718268,-0.08352457024403939
864691135304641703,629.0754329919683,154.1405086037835,852.6000000000003,1.0402511808684252,-0.05008858254929744,0.29754662113925195,1.0903397634177225
864691135309290822,636.7595317872072,212.4400693714687,889.5600000000003,0.1963016182839108,0.025870050793319027,0.4808245439798689,0.17043156749059177
864691135309722950,730.2268495454858,109.73144555110497,886.9600000000003,0.32416587372399364,0.012829749034388452,0.21712096407700904,0.3113361246896052
864691135325071004,646.5263216549724,80.2442562165925,843.8800000000002,0.36495854530030336,0.008451369789236052,0.20453601127684626,0.3565071755110673
864691135325263004,674.656793850465,182.41277045683498,848.0800000000003,0.9550125851426667,-0.06856360684184118,0.4560475995013627,1.0235761919845079
864691135336847849,673.9970616648637,124.59927319673757,818.2800000000002,0.38639125118744344,0.06928156676238423,0.384685763813257,0.3171096844250592
864691135342594225,724.3205330826788,102.34055156991596,891.6000000000003,0.07855129160582422,0.03786316833362364,0.24235078907031074,0.04068812327220058
864691135343818161,697.3179959412803,163.5159161207496,818.5200000000002,-0.407549159733267,0.017236820052752594,0.4534238114543077,-0.4247859797860196
864691135347633055,648.1156381762938,167.82002652433835,899.1200000000002,0.10677472368385676,-0.009895735461235143,0.35998433364742494,0.11667045914509191
864691135347725215,714.704839560965,205.63957262092333,825.9600000000003,-0.17495473234092984,0.100325172064398,0.43618656048855625,-0.27527990440532785
864691135349839831,658.3553999005522,210.86026165183756,841.9200000000003,-0.3537498494193649,0.05633758417006586,0.5319162060701169,-0.4100874335894307
864691135351022807,645.3756996786497,96.33319617755956,905.2000000000003,0.3636442320097689,-0.03849671231819874,0.14391900792936824,0.40214094432796765
864691135351066583,643.5733514763555,128.6832127611363,848.4400000000003,1.4833249652855285,-0.0352848043654722,0.2987333513786104,1.5186097696510006
864691135361314119,680.1650513792723,156.16898119163287,853.0800000000003,-0.26723947947051974,-0.02884853463827601,0.4239507285400164,-0.2383909448322437
864691135375745736,652.0324116535045,73.85181842432067,895.1600000000002,0.2287079721952403,0.006691745473294949,0.18025982264806006,0.22201622672194535
864691135387535957,697.8415159101148,227.2922320291041,878.1600000000002,-0.042998010682809146,-0.13511361005819345,0.5179938250738048,0.0921155993753843
864691135387558997,653.7316690397282,157.9680059528539,853.6800000000003,-1.130655386167439,0.001555395089124164,0.48366285366286715,-1.1322107812565632
864691135389168001,692.034649065353,204.8125884054341,833.0800000000003,-0.022017801699348874,0.10688786482665216,0.504549541890339,-0.12890566652600105
864691135396794101,639.6279656513739,229.58732032218674,821.9600000000003,-0.4233519112416082,0.0976140284611931,0.5246663462727258,-0.5209659397028013
864691135398805281,642.8053260859771,149.94518315429912,865.1200000000002,1.036743215940927,0.06371452809663393,0.4176208455519591,0.9730286878442932
864691135398817569,705.8391362714156,101.36608355883399,901.6800000000003,-0.044157017986760534,0.0006906754885421442,0.19513171978653554,-0.04484769347530268
864691135398892065,705.284374376262,164.9838175584012,852.0000000000002,-0.23527561814835127,0.06033949165967753,0.5298203324755371,-0.2956151098080288
864691135398925345,644.9211677335102,143.38462600398302,840.0000000000002,-0.7659141785162377,-0.08084445228421075,0.2794370774364071,-0.6850697262320269
864691135404860654,633.535466024742,107.56800365347439,825.4800000000002,-0.05855816393976087,-0.01337165079917712,0.18919152948751886,-0.04518651314058375
864691135405626862,698.3354113849574,137.20045143142733,874.8000000000003,0.25397120336381596,-0.01956573286429119,0.40536555112512096,0.27353693622810715
864691135405700334,701.1949438405151,213.19485776594394,818.8800000000002,-0.20921195428312617,-0.02001450608086866,0.4690941506474803,-0.1891974482022575
864691135409937097,694.5033185135179,107.5697086087328,837.3600000000002,-0.4131536847911282,-0.028527847936104016,0.2352162436850376,-0.38462583685502416
864691135409940425,722.1960791359221,193.44607723893407,905.0000000000002,0.8056783683038652,0.04612573603038374,0.35115335942228093,0.7595526322734815
864691135409962953,626.7764722133521,176.74616230674874,888.7200000000003,0.18910907399991037,-0.06424976810660733,0.33300325455572016,0.2533588421065177
864691135417313722,649.4162875840576,240.33733584506595,875.2400000000002,0.08932541247234657,0.04434151076646776,0.5550969812652159,0.044983901705878813
864691135430290480,659.0495245146583,208.8009221897545,897.2000000000003,0.0,-0.06428747303137625,0.4061481312269869,0.06428747303137625
864691135431654960,716.3740390524905,168.20259393597215,832.3600000000002,-0.12582812803097965,0.014677249679491583,0.46026953855329333,-0.14050537771047122
864691135442606920,676.8517094886668,120.6088875258962,830.0000000000002,-0.2503328228144148,-0.01895347190151592,0.282110900906656,-0.2313793509128989
864691135447994514,677.7996462128093,152.3643447571663,885.2400000000002,1.4797295229024598,-0.11372678522486106,0.41016385362298347,1.593456308127321
864691135448130450,653.6238092356575,204.72854331356723,832.2400000000002,0.785650874093181,-0.026697620201929437,0.4586643502886433,0.8123484942951105
864691135448303762,641.7388070233984,132.76284591255123,826.5600000000003,0.2933922807011427,0.02975312058178816,0.2710388899014525,0.26363916011935457
864691135455400554,631.6181772087806,194.83698574674847,857.8800000000002,-0.20746184233207138,0.006539303633462917,0.507683742807651,-0.2140011459655343
864691135464162366,701.6415281746456,238.93171667359834,823.8400000000003,1.1022651701974953,0.011936001896415565,0.5435766950976895,1.0903291683010796
864691135464671550,651.2367277129553,115.99082162879564,860.9200000000003,0.809098780658261,-0.009723296074976046,0.29318714081611746,0.818822076733237
864691135464795710,684.142806920548,98.95394494368614,816.6400000000002,-0.11779823346015894,0.0198940658711323,0.19084519491941085,-0.13769229933129123
864691135464928318,671.9666236599371,142.66706225650216,819.0400000000003,-0.17663522911042395,0.08922702551369815,0.42736882772526974,-0.2658622546241221
864691135465932357,666.0744979906334,192.39074328573753,810.5200000000002,0.23208367443323993,0.0039491378866818826,0.41214491314505286,0.22813453654655805
864691135466158917,631.3938447746715,231.17972899707297,854.2400000000002,0.015745836264819624,0.018825338815952337,0.4401105666104487,-0.0030795025511327137
864691135469753426,650.1446889829141,168.12603440684134,805.9600000000003,0.1904847912709252,0.014204780500067564,0.35320058879325084,0.17628001077085764
864691135470787666,687.177048321163,190.575042443786,865.0000000000002,-0.26441072298248935,0.018699246840241726,0.578376551526698,-0.28310996982273107
864691135480800198,713.465143042956,96.44400384387438,896.1600000000002,-0.1074283454264142,-0.043152935257126324,0.1132944259316179,-0.06427541016928788
864691135489677882,697.7505921218494,220.98831920731422,824.3600000000002,-0.9352139690149006,-0.06991776563022992,0.4085822166545828,-0.8652962033846707
864691135490326074,715.6139034512439,111.53671296807653,826.0400000000003,-0.31863788512830615,0.025186923051695967,0.262331769542583,-0.3438248081800021
864691135492613471,663.9635404481111,137.21279245160747,828.5200000000002,0.30281567985882746,0.015091540715595889,0.43342440771279356,0.2877241391432316
864691135492749415,696.6056054081957,100.42976534478,898.7200000000003,1.3121613606880596,-0.006437363143677738,0.2079363378231271,1.3185987238317374
864691135493051879,680.8564015967655,190.85723561408494,895.0400000000003,1.0951588361168982,-0.032254194587883304,0.5670949845106841,1.1274130307047816
864691135493620831,677.6399370407905,124.08280538993289,860.8000000000003,-0.14419010423658213,0.007108573690115787,0.39130315665562626,-0.1512986779266979
864691135493686111,645.2477247090211,196.92883921644645,859.0800000000003,-0.7744416668287394,0.0014346629821067047,0.49808646288641595,-0.7758763298108461
864691135496381840,629.4236079750975,145.75494444976718,887.2800000000002,-0.116798668459656,0.04378367996696307,0.32314825304276273,-0.16058234842661906
864691135496440208,652.898731277874,218.15644582867128,818.3200000000003,-0.11205294968463458,0.0652407125397883,0.500692348713042,-0.1772936622244229
864691135498973715,673.5785406340436,113.9623198666359,874.0400000000003,-0.06980010789697069,0.055097393524720324,0.38995107981759,-0.12489750142169101
864691135502885954,709.4549599635089,104.83040615173657,872.2800000000002,0.2549132623278567,-0.010381602489902313,0.28182304224069,0.26529486481775905
864691135503287618,658.4945313319964,251.860405681399,864.3600000000002,-0.11270533808132405,0.06815171949244314,0.5765239888902398,-0.1808570575737672
864691135504081986,654.8331295752721,93.24170143383596,883.6000000000003,-0.19615469323869672,0.016121634260668094,0.26242091633227776,-0.21227632749936481
864691135504327861,628.9585847831008,181.17720741292223,821.7600000000002,-0.2285893042622514,0.01827869982471171,0.3496623418102318,-0.24686800408696313
864691135510406921,683.4807056182175,255.58827994679282,881.6000000000003,-0.04233989902496074,0.17320063326972399,0.5454520156254659,-0.21554053229468473
864691135511316745,669.5102947052087,132.55851300024574,889.3600000000002,0.6189339178848843,-0.06590003825449361,0.32166811019882563,0.6848339561393779
864691135518173395,658.6851073782489,331.9256880500423,836.9600000000003,-0.1426524314616902,-0.003869348564012035,0.19686196949178034,-0.13878308289767818
864691135518283475,632.3234577579583,192.65013336330972,809.0000000000002,-0.519014757537566,-0.031459382658465436,0.2972171068449522,-0.48755537487910056
864691135520064650,680.8115179214037,239.10090547299694,878.9200000000003,-0.11119551504928006,-0.03590684842083633,0.5894242836864153,-0.07528866662844373
864691135540272498,707.9472902430147,119.86019696910674,869.2800000000002,-0.1729779221688469,0.0025418369422678944,0.32355945381526835,-0.17551975911111478
864691135562052065,627.0934917396061,232.6023420062231,824.0000000000002,0.500444115284346,0.1796986833993189,0.4588670589249832,0.320745431885027
864691135562780385,689.2537571997576,105.88978658284184,881.1600000000002,1.0489008099738173,-0.04004962173125888,0.2529641325507749,1.0889504317050762
864691135562798817,682.997127397857,200.16723953699187,889.9200000000003,1.0827298526429319,0.08315095576600362,0.5542652381960672,0.9995788968769282
864691135562842337,688.6766547868942,238.05441510653222,837.1200000000002,0.1531375453844066,-0.06747138274317033,0.5441617140979066,0.22060892812757693
864691135562975969,671.2158812166267,141.7019582290459,895.8000000000003,0.40216229898920586,-0.011438165199929129,0.3647055073857389,0.413600464189135
864691135566966807,657.6669397234258,149.70353859881155,847.9200000000003,0.77480689604647,0.05732213188117405,0.48077136458810815,0.7174847641652959
864691135567047191,669.7999156163667,161.55810733754333,853.0400000000003,0.020800487027217096,-0.027151747663207028,0.4677229417665823,0.047952234690424124
864691135572576237,659.9627213522896,127.8685403915167,877.0000000000002,-0.5271250937821028,0.06341004501819981,0.4663716969675319,-0.5905351388003026
864691135573191405,634.9072126378549,124.19884461926483,871.5200000000002,-0.5523123313652079,-0.011582818172319983,0.23181358813934172,-0.5407295131928879
864691135573296677,644.0715538909255,208.90389788881464,898.5600000000003,0.5184909282072183,0.10612261935742254,0.4671795353658295,0.4123683088497958
864691135573327085,712.6794883009909,250.8189728855764,827.4800000000002,0.15614396626283772,0.01389270902406246,0.43378187863231316,0.14225125723877527
864691135576881950,636.7704856090811,265.1857372505825,853.2800000000002,0.5651192804223628,0.06686457769364511,0.4990928327538974,0.4982547027287177
864691135577574430,711.4106012164401,97.16367729975325,835.5200000000002,-0.4365184900318636,-0.011091229160598704,0.17603605290653876,-0.4254272608712649
864691135577617694,720.8528292268261,159.60021155814948,828.9200000000003,0.6466990231756617,0.026343790487287966,0.34204075906132336,0.6203552326883738
864691135577644574,717.2457626520206,155.3014770088987,897.1600000000002,-0.6004959489580372,0.020789759892441362,0.3480108095018639,-0.6212857088504785
864691135577749022,636.0581237235631,133.80771779320116,876.7600000000002,-0.5217120704695989,0.010527364991737054,0.32040869191171184,-0.5322394354613359
864691135584504429,661.4018661508494,184.85080484501813,894.0800000000003,-0.3205830848899561,-0.01674224111383724,0.4410325849212067,-0.30384084377611886
864691135584629613,632.0590387573106,136.92704455272695,833.5600000000003,-0.24544732040395073,0.009142725441944957,0.2573246521181887,-0.2545900458458957
864691135584646253,665.3479750126666,219.05288011612842,902.8000000000003,-0.06393843507305841,-0.04439741100382934,0.4226680111804427,-0.01954102406922907
864691135586240120,692.3966965582895,154.41235481854628,845.3600000000002,0.23767856841197438,-0.006810920575760831,0.4316828388695837,0.2444894889877352
864691135587371132,634.375832054199,211.78181138036126,859.7200000000003,-0.1407236512468757,-0.04529287509456794,0.5549732770922698,-0.09543077615230774
864691135587666812,707.6188548466142,111.86514836447704,905.2800000000002,-0.03269336593950507,0.008407714615166883,0.23793746226287885,-0.04110108055467196
864691135587758716,684.0787040553514,209.83429120407027,816.8800000000002,-0.4096180913026304,-0.11851277057795115,0.3914705461904637,-0.2911053207246792
864691135619756943,670.2641298288278,195.90526758646274,853.6800000000003,1.675626602660498,-0.04389892881639474,0.43578818902845845,1.7195255314768927
864691135646775791,686.4854381685948,203.6204061948227,851.6400000000002,-0.1254910512433109,0.01744967924061685,0.5612496027536615,-0.14294073048392775
864691135646806255,688.1790884129723,214.36891887564136,879.0400000000003,0.26486185842297916,-0.018741133072703847,0.5372702810356008,0.283602991495683
864691135655390658,700.963125316926,79.99579078658356,881.1200000000002,0.11859030904237361,0.022264839565714782,0.24069244026507874,0.09632546947665882
864691135656578242,694.879007755497,136.31985507085471,900.5600000000003,0.1324943808478414,-0.0303848459763463,0.3214071966537875,0.1628792268241877
864691135685087474,634.0511534995779,112.68843356006401,869.4000000000002,1.003740495934878,-0.02247463006374026,0.22548361182331786,1.026215125998618
864691135694246079,700.6160203018951,254.3249135346446,848.8400000000003,-0.28449729529160983,-0.0456377283866395,0.5807562305667598,-0.23885956690497034
864691135694415551,620.0538654218548,292.50474487377454,810.6400000000002,-0.1182547763490833,0.01858787876750658,0.23098434147328117,-0.13684265511658988
864691135695146943,682.2950838203087,206.7229990517409,871.2800000000002,0.25382840584512195,0.046764444212037515,0.5443893627403548,0.20706396163308444
864691135698211994,670.986664677507,239.78320946381655,886.4800000000002,-0.2186712896472846,0.11149012603049263,0.48867178530061434,-0.33016141567777724
864691135701629474,695.5657624506213,116.72113062285236,903.6400000000002,-0.04326755114478931,0.005309924195778044,0.28968844368670227,-0.04857747534056735
864691135717163802,643.203760598806,146.12537348116265,856.0000000000002,-0.012136255020854858,-0.04188061042509004,0.3163108595893385,0.02974435540423518
864691135717271834,672.8360354378715,207.63004022980942,817.4400000000003,-0.11983939759472981,-0.008558958059254676,0.531683713900436,-0.11128043953547513
864691135717386266,632.6292057053861,238.35470073017856,830.4400000000003,0.4396290431951508,0.11374184912895126,0.6526330588303305,0.32588719406619954
864691135726939455,708.2337898262974,154.77000942905534,880.4400000000003,-0.00205090142297773,0.03824114199507521,0.4441544387092995,-0.04029204341805294
864691135727790911,695.4316026471192,234.27677253402194,855.9600000000003,1.9133044633013474,-0.02126293567497817,0.5413138261986538,1.9345673989763257
864691135727867967,721.9873819887559,131.9458611945918,841.9200000000003,0.35450389370509056,-0.002365361807404435,0.28293045307240927,0.356869255512495
864691135727907391,649.5373838572876,95.02694015469343,874.9200000000003,-0.08385867988288118,0.038956784666275085,0.26178304499515664,-0.12281546454915626
864691135727925311,727.3431846207721,84.68079229411431,875.9600000000003,0.45085538778381673,0.018613906837774415,0.27546384890301184,0.4322414809460423
864691135731679929,698.4074050927735,231.83885378959292,901.5600000000003,0.391194910497971,0.01689049170058368,0.4608706917937925,0.37430441879738735
864691135732210873,690.7530459085369,195.96321479209635,852.2800000000002,0.621264869467256,0.02641411890372458,0.5035184746185324,0.5948507505635314
864691135732318393,648.8282594701429,109.74112781842659,873.3200000000003,0.2400195517946182,-0.07292547322476202,0.16033872661852416,0.3129450250193802
864691135732518585,690.6864858769359,159.27379940070324,864.1600000000002,-0.1925863514947343,-0.08555159169434234,0.4805069563533113,-0.10703475980039195
864691135738953860,715.9493910096742,179.66520210513386,829.0800000000003,-0.2107507470978403,-0.011475212043775919,0.3888095477595755,-0.1992755350540644
864691135738969220,686.4248895052358,134.55230405020487,815.1600000000002,0.6899122319155295,-0.02763316974650263,0.3174156502243715,0.7175454016620322
864691135738995588,708.8308922877084,100.21444996303407,864.2800000000002,0.31007578288677506,-0.03249279525043129,0.22988692264207541,0.34256857813720637
864691135739008132,706.2910672855735,106.48093549788778,829.6800000000003,0.39658079437049687,0.00667531066201359,0.24082715809913596,0.38990548370848327
864691135739587697,658.756464518673,228.3056015216163,858.5600000000003,0.18365257536866836,0.17690935829696713,0.7004453662601219,0.006743217071701224
864691135739689073,678.369812634141,112.06870094481373,894.4800000000002,0.16002132849680212,-0.06023742632867293,0.19866372113341935,0.22025875482547505
864691135741458324,640.469689178083,100.27259980860953,841.3600000000002,1.1036908783617339,-0.04470014883220833,0.1666879358098871,1.1483910271939421
864691135741780116,630.7200666136316,199.96221328890516,850.1200000000002,0.41936703033392764,0.03485453697074476,0.38828978401825026,0.3845124933631829
864691135741874836,700.0859393936142,103.23978942829626,882.8800000000002,0.3424646664107515,-0.035913307178649365,0.19771963987399116,0.3783779735894009
864691135741930603,656.6107097945063,197.02354902080174,897.8000000000003,-0.3296058922206264,0.0007046343903940079,0.4688504945382947,-0.33031052661102045
864691135742664043,669.5848893440062,175.03063359293418,892.0800000000003,0.5843339308201125,0.013430246104060226,0.4311698314209207,0.5709036847160524
864691135742756203,638.1319430885347,217.314230552635,875.7600000000002,-0.11539204596499858,0.051844924121471875,0.4995201864430608,-0.16723697008647045
864691135743102827,709.46883300006,204.5390367086691,849.0800000000003,-0.3688518332483877,0.12487820059710257,0.5755899422461354,-0.4937300338454903
864691135751149353,625.3330215285525,232.8980321075003,882.2800000000002,-0.05552264376197274,0.047614198434983546,0.48078330699241983,-0.10313684219695629
864691135757002450,706.2154902016092,118.35955023633177,829.0000000000002,-0.09088713699283085,0.01962417261349324,0.29274159189303633,-0.11051130960632409
864691135757092306,669.0627571002219,234.6038207321162,836.6400000000002,0.8697107317871648,0.16525875225147235,0.5987165812115971,0.7044519795356925
864691135760050254,675.3984614195351,226.80634198714765,811.5600000000003,0.09074038565361583,-0.06972413413684847,0.43295014072714993,0.1604645197904643
864691135763433270,646.305977876895,187.77022074897627,837.5200000000002,1.008541145091005,-0.07319538475642248,0.5624088099933695,1.0817365298474273
864691135764583990,715.137001814084,153.70360601023077,827.4800000000002,0.0991432760010626,-0.007871950278460466,0.37432133157410474,0.10701522627952306
864691135764631862,703.9000559822044,235.14615513764574,853.4800000000002,1.9301953185924785,0.06702516567649924,0.5515563874441836,1.8631701529159792
864691135764932662,679.6551439851701,98.1116140238957,903.7600000000002,-0.3004589316175744,-0.011733008499542568,0.19115430404531042,-0.28872592311803186
864691135773073147,659.2624410786207,220.31931003427476,826.4800000000002,1.1066403314575846,-0.06593429592179936,0.5011286821436131,1.172574627379384
864691135774053371,654.0418676914608,174.24899562782335,896.0000000000002,0.19617555779652096,0.011507487943992967,0.478176806485499,0.18466806985252798
864691135774179147,648.9355415821868,153.30826417771047,828.7600000000002,-0.23492249574023183,0.1005405690439468,0.4205604566219993,-0.33546306478417864
864691135774307659,714.5787424854823,118.96275106217242,852.0000000000002,0.5870028527706495,-0.005539876193194083,0.2502035894836726,0.5925427289638435
864691135774368763,699.0172241531936,174.20067234089046,809.9200000000003,1.0438737985444375,0.04238249677627027,0.3742580751307593,1.0014913017681673
864691135777789357,718.8901071642986,175.4253685591168,811.2400000000002,1.0595937604429335,0.02716314705603991,0.28977468578949206,1.0324306133868937
864691135778811325,711.6952223788333,177.62265436753555,821.6000000000003,0.6475065884709801,0.031334012827306246,0.43246224212008877,0.6161725756436738
864691135778815421,622.5093270484267,225.51985472532064,867.6800000000003,-0.19918771206673097,0.12084212430643942,0.5690311925620398,-0.3200298363731704
864691135778954848,651.8603625147935,294.6450080998492,840.0800000000003,-0.04118019882324611,0.015482595731421675,0.45338921341388166,-0.056662794554667786
864691135779629245,690.2932245785032,127.05291422429704,899.2000000000003,0.1981122227643366,-0.06633019082372221,0.21088692246080473,0.2644424135880588
864691135779683261,723.0749121926154,104.09466348146479,846.4800000000002,-0.045874467970813106,0.019628334069446397,0.2428090502685239,-0.0655028020402595
864691135779705021,671.7892273144546,242.35895891082723,879.8400000000003,-0.2559906485944562,-0.09066458996245921,0.4531109245605187,-0.16532605863199698
864691135782156880,698.560784612854,193.36983546675526,848.6000000000003,-0.2026727158290446,-0.013221005719318387,0.5073102877472957,-0.1894517101097262
864691135782241616,636.038413311145,223.6197618602396,837.8000000000003,0.5827234712090319,0.04653291197447846,0.5659820783817063,0.5361905592345534
864691135782542416,678.6155614894144,208.39266111828323,897.0400000000003,-0.13422137805718837,0.08291553868161022,0.4594326305491875,-0.2171369167387986
864691135784960307,661.5147548779956,160.06231606221252,903.6400000000002,-0.34031489446619456,-0.012187661773962358,0.37258212342739655,-0.3281272326922322
864691135801163874,668.1463227642174,169.4439954092395,865.1200000000002,0.3921203856472185,0.055455527306047976,0.5132951631380454,0.33666485834117055
864691135801267554,711.070865593647,147.30888504392962,855.9200000000003,0.7240913021099707,0.022358738157045796,0.3631387789449728,0.7017325639529249
864691135801463650,710.4639365735936,178.47859786205825,872.1600000000002,-0.10166120130568967,0.0012723755505580706,0.5537136919781624,-0.10293357685624774
864691135817949519,671.9530689070818,142.0876761428655,831.2400000000002,0.39569361467259356,0.08775861001138413,0.40085476929256414,0.30793500466120943
864691135838916755,639.389037670622,172.83855017322216,823.7600000000002,-0.31619397630115464,-0.034225836724597385,0.3001863739771423,-0.28196813957655725
864691135839932307,729.9156970961533,79.50932252585615,841.6000000000003,-0.15201394126503934,0.002721666974565832,0.16991357965040446,-0.15473560823960517
864691135839950227,654.6261957319853,117.63649551750271,839.6800000000003,0.44726875259504745,0.007075235491578503,0.29505882476239487,0.44019351710346893
864691135842486243,711.3217876633166,207.59215036785645,878.0000000000002,1.441022035782327,0.15104356177630335,0.4479503276108945,1.2899784740060236
864691135850033758,642.4495790706682,193.66454312286567,870.4000000000002,-0.02467862234476931,-0.0075305158565336025,0.41388441136478266,-0.01714810648823571
864691135853055175,676.1337701623568,131.01792451899692,820.3600000000002,0.10735735272614999,0.11651081001686403,0.3499592801373927,-0.00915345729071404
864691135861093992,719.9657589229946,154.31880092498898,875.8400000000003,0.8246104981009728,-0.03326401240839853,0.4094492214779537,0.8578745105093712
864691135866947804,700.9869692034405,145.07752456395824,825.2400000000002,0.29323834980874847,-0.03003823467079971,0.3571497601393551,0.32327658447954816
864691135868210454,679.527515946804,229.54463282466673,897.6000000000003,0.1091158491070065,0.00015981582484168866,0.477220402737351,0.10895603328216481
864691135874782350,636.0904356179801,172.35722647932434,867.6400000000002,0.5106700712940707,0.05101517193302198,0.4173099971759702,0.45965489936104875
864691135878468435,659.6518001904655,118.2046678741906,811.2000000000003,-0.1822271261814285,0.03450737345126658,0.21504348551257663,-0.2167344996326951
864691135885911920,703.9455178763371,238.2981115485407,892.4400000000003,-0.38909826798848235,0.11233658316159792,0.5535869285649146,-0.5014348511500802
864691135885921648,657.6582117804481,223.9693818635522,882.4800000000002,0.4615661756083119,0.10927230776147434,0.6449635337879581,0.3522938678468376
864691135886130288,629.1832355009059,243.9637086058936,891.2400000000002,-0.20248639596196955,0.11876666878897565,0.48482464600875425,-0.32125306475094517
864691135886208112,669.9049145543812,214.69746991579615,866.7600000000002,-0.024699022477784854,0.041929293495955776,0.7169154399668597,-0.06662831597374064
864691135892048777,658.5374782378476,102.30303781353601,892.6800000000003,0.4939272789201935,-0.030519410473801085,0.2280608245852718,0.5244466893939946
864691135892202633,675.4473332241847,108.02259342049098,824.5200000000002,0.15013478702333238,-0.031121568353496918,0.19542424775445472,0.1812563553768293
864691135892214409,687.2953123759034,76.87267801096792,899.6800000000003,-0.475674784989421,-0.006194644120589321,0.1713242987129138,-0.46948014086883166
864691135919756208,627.2441833325178,167.72861151348957,882.9200000000003,-0.21388090870842272,-0.022129411750131375,0.30424072804831426,-0.19175149695829136
864691135919956656,694.2263569062359,212.07122965157748,854.1600000000002,0.5159139203676288,-0.1473933885645341,0.5097399977458641,0.6633073089321629
864691135928366606,640.1249246322145,128.44575897487817,886.6400000000002,-0.5838131214586327,-0.056470093336205326,0.28621577482212296,-0.5273430281224274
864691135928376590,706.3107204028584,153.25262879367284,864.1200000000002,1.54426946895734,-0.009214574974706898,0.3818931902944515,1.5534840439320468
864691135938816260,663.0351125499327,210.24177194357273,886.8800000000002,0.24860379294207474,0.019069786128162056,0.49860822953705325,0.22953400681391267
864691135939477508,666.0176488739207,168.80804928827547,884.0800000000003,-0.0115534374751943,-0.018400446118993434,0.40960456773608817,0.006847008643799134
864691135942611316,642.1193517228216,168.06635307163867,845.6400000000002,-0.7328355859569478,0.019294833992405534,0.42229164838631195,-0.7521304199493533
864691135943593332,685.1257721138433,127.37175434956345,853.2000000000003,-0.09676902181054933,-0.03232500328604883,0.34993278193919863,-0.0644440185245005
864691135947258916,638.8440439854899,112.97926820389705,900.2800000000002,0.31746256796423533,0.02642261047935355,0.29005344919437326,0.29103995748488176
864691135954640675,717.0459096183303,171.53784294358135,899.6000000000003,-0.27928040863768744,0.02563652835547763,0.2903813955242833,-0.3049169369931651
864691135955877896,725.7636373629598,157.07460599708435,887.6000000000003,-0.05010950161591067,-0.024876484323346833,0.295208625410395,-0.025233017292563838
864691135970226021,700.4496345466758,128.45544071545598,905.2400000000002,0.4805932955103005,0.027975665347104106,0.30507949925320754,0.4526176301631964
864691135976979567,730.0474586086157,102.97008156949823,871.1600000000002,-0.16990988829797282,0.007420789293723567,0.27194053262982243,-0.17733067759169638
864691135988557315,649.4155072520888,241.81489037572865,836.1200000000002,-0.18860995588235596,0.05847112940705524,0.6190489555700763,-0.2470810852894112
864691135993020097,630.582813603077,113.41290465150989,845.5200000000002,0.44909719970975226,-0.038275953429446605,0.205908347626577,0.4873731531391989
864691135993150913,678.864431145819,157.08310317929758,861.7200000000003,0.8013084017915667,-0.07469086883414691,0.3728038724935935,0.8759992706257136
864691135994226881,631.3493939732721,105.38516857363395,901.4800000000002,0.6676042344617947,-0.012677203819316687,0.1601815003238465,0.6802814382811114
864691135997332650,639.4934583898655,174.58228648166806,891.6000000000003,-0.2530430238699518,0.040586964552176974,0.3939064994735836,-0.2936299884221288
864691136006493898,622.9205651564525,297.18841700487604,862.3200000000003,-0.1509924309091311,0.05302529683459247,0.32907924892241075,-0.20401772774372356
864691136006519498,654.261634304255,298.77400480524085,887.8800000000002,-0.047339006011566244,0.0810764859238196,0.4685841617149537,-0.12841549193538584
864691136010651052,696.7658058027978,101.53593704644719,870.2000000000003,-0.2760366113224784,-0.0016107152666269362,0.29976684989713814,-0.2744258960558515
864691136011684526,653.8218989654686,102.59716725087556,820.0400000000003,0.44719381505118133,-0.0003161518159323466,0.22404657266318542,0.4475099668671137
864691136011686318,664.804108590766,188.5534193780247,882.5200000000002,-0.4808213244723899,-0.06398317758456681,0.47635037660677676,-0.41683814688782306
864691136022090744,705.8576334779024,187.0698243048094,829.9200000000003,0.023768179379204446,-0.025478566322693595,0.4960392615236393,0.04924674570189804
864691136033227451,667.6586699451253,247.71533976161427,842.2800000000002,-0.2683466005078491,0.0026192777313752205,0.58641923500199,-0.2709658782392243
864691136034011579,684.8391860611167,155.61424794404599,870.7200000000003,0.32861718280955043,-0.05842331468871708,0.44932475822384416,0.3870404974982675
864691136041575422,687.5332870857992,261.40361479945733,850.8800000000002,0.34652142012705656,-0.0928967836893774,0.5561148355858462,0.4394182038164339
864691136042462038,690.6143192302322,190.94000915139978,898.9600000000003,-0.3629628126100044,0.006348699457961279,0.48002993526153526,-0.3693115120679657
864691136042982742,650.1273768615357,116.92167751906801,817.4400000000003,-0.33948661738425046,-0.024126582658310598,0.22891085449460213,-0.3153600347259399
864691136043380566,688.3111385080762,121.80419106438285,829.7600000000002,-0.20525565277571958,-0.021917215504760328,0.2672838903243549,-0.18333843727095925
864691136043508822,658.3615269125486,188.76070015257417,830.8400000000003,2.159489723126936,-0.032772730835118696,0.48668523145620457,2.1922624539620545
864691136052366067,709.7886842180599,87.06388516078493,862.5200000000002,-0.23283188771878582,-0.04058591947632091,0.1726802198106736,-0.19224596824246493
864691136053465587,710.3289672638125,224.0803629954983,830.4000000000002,0.8114459817365933,0.04294357220539928,0.4362535581312399,0.7685024095311941
864691136058646488,701.7470178084995,123.17241159648081,844.4400000000003,0.7092314498195745,-0.04291962375478481,0.223606736331698,0.7521510735743593
864691136091532855,699.182337827117,186.9997673665039,840.4800000000002,0.23494029884164627,0.048180410121234786,0.4231562009758193,0.1867598887204115
864691136091634487,648.1411870180666,171.93390781293724,838.6000000000003,0.545831514633677,-0.09076940833376312,0.41177693977752117,0.6366009229674401
864691136102330485,695.2524424710135,106.35035907053388,815.8800000000002,0.1680788708664943,-0.001649815380389122,0.269272569803435,0.16972868624688342
864691136108410329,692.7170395256165,151.48513559490007,860.8000000000003,0.9833205402703538,0.0012655324259901596,0.47468308436259204,0.9820550078443636
864691136111251896,678.9283032502511,167.36780640079482,900.8400000000003,1.3559878875307227,-0.01957588426365825,0.3912629510607257,1.375563771794381
864691136111478712,649.074296908058,90.03960113699543,839.6800000000003,0.36596912382774327,-0.010960472033034428,0.18010617569921725,0.3769295958607777
864691136111559352,643.4627459232386,143.89947532497305,812.3600000000002,0.4158908722472206,0.05617184192567303,0.39169759725083747,0.35971903032154756
864691136118667428,704.8362293781937,142.20206771207233,870.2000000000003,0.27948614745733025,-0.011681091825094848,0.3715747960353193,0.2911672392824251
864691136126503206,725.4236991002251,118.36969455192634,876.1200000000002,-0.15456551368699023,0.03849111456253302,0.2646135631115219,-0.19305662824952324
864691136137237899,645.2818572024507,184.7896206677551,828.0000000000002,0.9513322644793712,-0.004529291751274412,0.44662629825273836,0.9558615562306456
864691136137239691,714.7707343776076,112.36236780713651,874.1600000000002,-0.2626753917988031,0.05847133742179554,0.26456292076090043,-0.32114672922059867
864691136137293195,683.4119197077202,91.88735341154528,899.8000000000003,-0.265585175506591,0.0015786651817876717,0.22066433027832263,-0.2671638406883787
864691136138583677,663.781259470874,156.9198971005745,830.5600000000003,-0.47732453416026877,0.0619962914224148,0.5026864608733614,-0.5393208255826836
864691136138779517,661.907206670149,120.3293244608891,830.7600000000002,1.4888771368884082,-0.06282079400202321,0.2768791408422266,1.5516979308904313
864691136144674612,649.1258863409307,212.81529603843117,844.5200000000002,-0.24925545400165042,-0.0012864273786970803,0.4970107487736262,-0.24796902662295334
864691136144827444,726.1487770580085,104.9417920368223,858.8000000000003,0.14092311953240835,-0.040558070121853855,0.19262437858941486,0.18148118965426221
864691136145574196,669.9550870878933,140.69223046130287,884.5600000000003,0.36625680116394155,-0.05958631799549079,0.3681559271923671,0.42584311915943235
864691136177629702,719.1296706589546,146.98602761506493,855.8800000000002,1.0755960107686735,0.06887378873356897,0.37318771506985,1.0067222220351044
864691136177726726,655.783465117198,125.70405770009849,893.0800000000003,0.3637940493156494,9.889562513685883e-05,0.3609173832476934,0.36369515369051253
864691136177731846,725.5487553819202,112.53438882502489,895.3200000000003,0.3551393444635293,0.04124094303147594,0.2208948152560649,0.31389840143205333
864691136177778950,668.468544152434,120.9676115777595,860.4000000000002,0.8831542765825525,-0.025440491159932098,0.34538877220868625,0.9085947677424846
864691136195824204,633.4832702522754,143.4118511534476,867.8400000000003,-0.12838070650984104,0.028978771671689187,0.34895669376733995,-0.15735947818153023
864691136195891788,670.4742141743004,239.03168668853732,904.4800000000002,-0.1583806488825213,0.11206424522054628,0.5261376811290647,-0.2704448941030676
864691136196202472,646.2625392217166,222.77965629260143,871.7200000000003,-0.030736158769660085,0.02235961655244619,0.5365461288035102,-0.05309577532210627
864691136196969548,665.8336624146813,107.75970643621427,812.6000000000003,-0.17852726401332134,0.027883785956082333,0.2902262226407979,-0.20641104996940368
864691136211325884,710.7701465692945,123.57636625496845,842.3600000000002,0.07357176838374194,-0.04031573708748238,0.2880994189875461,0.11388750547122431
864691136228491601,713.183066043155,242.12578236324242,859.2400000000002,-0.053496597908849045,-0.007286759549308781,0.5159081236031176,-0.04620983835954026
864691136229186129,663.4455119773686,136.52502613700605,846.7200000000003,-0.8822427284868224,-0.08392971312087447,0.42180670508865753,-0.7983130153659479
864691136238679567,626.9217884786697,200.7863074640275,881.1200000000002,-0.09855924511462325,-0.08183695514250189,0.39349596848910473,-0.016722289972121357
864691136268801268,709.4534571214485,112.92507784004277,809.5600000000003,-0.4319696495766855,-0.02978137951886772,0.16326805762421026,-0.40218827005781776
864691136275166398,680.8901293370557,142.74107867652882,892.8400000000003,-0.031185302635508116,-0.03104191694356974,0.350428696234732,-0.00014338569193837747
864691136288598467,694.145259149869,87.4298634878759,860.1200000000002,-0.052362644007788006,0.037815960757232606,0.252365544531743,-0.09017860476502061
864691136288604355,662.0398641583345,152.59165422782982,866.8400000000003,-0.3268782088598259,0.004092173681777528,0.5884115389319444,-0.3309703825416034
864691136298125851,654.9131000684077,188.52324636631604,816.2800000000002,0.5322612901309476,0.01589916900903568,0.4337956078921983,0.5163621211219119
864691136299026971,669.3597474036178,139.41950006552898,875.3600000000002,0.3834746759229556,-0.004789062829269244,0.39450678602534417,0.3882637387522248
864691136311267930,671.3370650127883,216.68585646385066,885.4400000000003,-0.1983490411817121,0.007923030012490236,0.5308446514824495,-0.20627207119420232
864691136312150874,652.8994824355323,143.24745998961612,897.0800000000003,-0.157885730600495,0.10632062030636955,0.39104506862372435,-0.2642063509068645
864691136314404669,639.5949598944317,129.3630601122954,817.9600000000003,1.5045938389391758,0.015302669979950894,0.23919912532914397,1.4892911689592248
864691136314491965,648.9136922870601,194.6797910362675,900.7600000000002,1.0092124901939754,0.09348724968203881,0.4200966271436288,0.9157252405119366
864691136330407914,638.0052683210248,220.96508271388123,852.4800000000002,-0.11405983696022315,0.12274215822087331,0.4932900402705967,-0.23680199518109646
864691136331214058,704.2572480176968,178.1925608537923,881.2800000000002,0.927148258547723,-0.035910973257003195,0.4063173310454224,0.9630592318047262
864691136331247338,707.1247859061405,186.53824108121177,878.2400000000002,-0.013838323477709524,-0.06850063490410159,0.47511997791475447,0.054662311426392066
864691136331249642,700.6187655241972,144.14588834171713,844.0000000000002,-0.2868317876739893,-0.008676516332626089,0.38318986992196136,-0.2781552713413632
864691136335553971,723.2415865304763,113.93864944575279,863.0000000000002,0.21591421690896845,0.059476977384404515,0.3077204828662583,0.15643723952456393
864691136336039091,678.4350146417462,240.56334458686686,823.7200000000003,-0.05726843727461836,-0.006084310386105154,0.6084321798538521,-0.051184126888513204
864691136364308962,688.8625769621565,116.96985598793631,818.1200000000002,-0.33380237239791516,-0.030998188138759764,0.29217988809030554,-0.3028041842591554
864691136364362466,655.0322606256148,225.34575264660077,811.4400000000003,-0.19231415682882175,-0.049879495342793734,0.4323401667010334,-0.142434661486028
864691136380268245,697.8599255936704,92.7016788499023,823.9600000000003,0.13426471341394958,0.050965367555767846,0.28504105156037846,0.08329934585818173
864691136380312021,673.8556184118236,161.46322406755672,899.0000000000002,-0.2082262892613701,0.03964474874927746,0.3578075491359906,-0.24787103801064755
864691136381224149,635.6992262060686,110.0058645760264,814.2800000000002,0.2150814755821118,0.026501739241348205,0.20846474931583717,0.18857973634076358
864691136381243349,717.2787105870858,250.38617459180935,882.9200000000003,-0.024319408712115922,-0.06070060917962043,0.43398744399707023,0.03638120046750451
864691136389679223,691.4708982386593,106.98318386362266,825.0000000000002,-0.612982364900717,-0.020542695671465636,0.21352509279416307,-0.5924396692292514
864691136389688695,716.6844684649875,63.31853412906034,904.1200000000002,0.9217455272111839,0.021554873837506337,0.1447951324658958,0.9001906533736775
864691136389921911,704.6016948066132,192.6134572340318,864.2000000000003,0.22456870575238996,-0.031363592059785714,0.336141877324353,0.2559322978121757
864691136390474359,681.8009857055243,207.96466046008334,844.6400000000002,0.6876331222245273,-0.11242750144699856,0.5891692318621079,0.8000606236715259
864691136421279639,706.23976748883,151.12635372115957,873.3600000000002,-0.10373457379798626,-0.03508818787369569,0.3752235380479937,-0.06864638592429056
864691136438469534,646.9027912289204,107.51684814805165,829.4400000000003,-0.3936991053455404,0.0010894090805744876,0.25098524620199575,-0.3947885144261149
864691136438496158,694.404736223629,199.75189765592415,806.2800000000002,-0.4977164117290113,0.032858352008656305,0.4872748493556611,-0.5305747637376677
864691136438529438,701.1274878331909,167.7038716512522,836.7600000000002,-0.1392524844896601,-0.0026161081031625295,0.48703290984417996,-0.13663637638649756
864691136445215875,692.7307963916696,99.19134090806708,842.2800000000002,1.852727438400983,0.008871075847482427,0.2278014142540831,1.8438563625535007
864691136453384959,722.2253561719078,174.7534979932771,881.1600000000002,-0.5277327234250728,-0.0003669472370402115,0.407967702116784,-0.5273657761880326
864691136453419007,708.7134663868139,217.5788224921701,847.6000000000003,-0.7811153653566931,0.015616824287180777,0.5329001510023422,-0.7967321896438739
864691136484948012,735.1817610250125,60.43972466179077,869.4400000000003,0.27935926132237787,0.015287997154989604,0.12902923780726905,0.26407126416738824
864691136484972332,690.282155639619,205.7514210810258,904.6000000000003,-0.2041070224023212,-0.011956405728432352,0.4587338994929111,-0.19215061667388886
864691136524089489,700.872432816169,94.25012847271637,880.7200000000003,-0.29689941872050735,-0.016153193386477603,0.2100299098397025,-0.28074622533402976
864691136524172689,637.7503867696342,162.93002741628752,871.2000000000003,0.2843741428786248,-0.018093191903411236,0.4458901856152041,0.302467334782036
864691136579129876,712.5207907484494,241.61812949560286,846.2800000000002,-0.12795937017859757,-0.004223070746449021,0.5113596497812066,-0.12373629943214855
864691136579969300,663.5117250777071,142.37706576651516,806.8400000000003,0.03702822560321156,0.03620134598372625,0.3625396365918458,0.0008268796194853129
864691136603811281,686.4023463475841,114.24907938499359,843.8000000000003,-0.4069956004388096,0.091986330778671,0.3835503957189312,-0.4989819312174806
864691136604001745,640.1834500566191,159.3524691649761,822.7200000000003,0.6705395518500961,-0.015812930843660943,0.34212862522583015,0.686352482693757
864691136619529179,676.1152443083033,113.60605245443323,835.4400000000003,-0.17585475472817913,-0.014297839125074995,0.30379096748390105,-0.16155691560310415
864691136620636045,677.5266727348152,186.3257870922661,827.8000000000003,0.030989633863639593,-0.06965114518638064,0.46585184648955624,0.10064077905002024
864691136664950750,717.7695712034968,103.05230606235256,875.2800000000002,-0.1978948472563639,-0.00125778785995425,0.24625080342025973,-0.19663705939640963
864691136665051614,702.7679306856248,195.21553585478412,822.5600000000003,-0.3714027833403891,0.05209434259718774,0.5374948265826879,-0.4234971259375769
864691136674080135,676.0390603580016,142.38090960448207,851.7600000000002,0.1810910082424585,0.0666498486868273,0.4939144112579833,0.1144411595556312
864691136674327431,648.3670514685468,200.9279241826989,839.8000000000003,-0.6291057880264395,-0.021780450764415347,0.5143484800115775,-0.6073253372620241
864691136674749575,711.2900534609266,78.71496796173608,866.2400000000002,-0.07298482955936425,-0.026305490488195474,0.1612740629529595,-0.04667933907116878
864691136742067804,703.7858087043185,210.0165721813073,894.2000000000003,0.4212781058257653,0.011731461160229675,0.5157082762997661,0.40954664466553564
864691136813937267,712.6217140342446,145.0032768564233,814.3600000000002,1.6069215025240227,0.02397541013270562,0.34091702974516686,1.582946092391317
864691136814180211,685.948305625028,134.12514154585085,890.0000000000002,0.30816206712567323,-0.0614317902127929,0.2766413229779792,0.3695938573384661
864691136814442867,725.1022288696668,91.93709254435119,897.0800000000003,-0.014752576089853803,-0.014425061645236778,0.1536181424515225,-0.0003275144446170247
864691136904594610,642.2601594619576,216.3905132938361,820.0400000000003,-0.25243561654130986,0.11240825258498297,0.5975316899599808,-0.36484386912629285
864691136904656818,718.9639501186939,151.08317500105622,809.6800000000003,-0.48392470770209506,0.009937976534940548,0.27475754094247135,-0.4938626842370356
864691136905758130,708.944706691632,299.3822632017235,904.3200000000003,0.36473483892642106,-0.022261725312969785,0.16754957651498006,0.38699656423939083
864691136906067890,629.5776235358261,163.8211150237171,889.6800000000003,-0.13404321549018247,-0.0474569488023102,0.2997416381477889,-0.08658626668787227
864691136914414321,675.1726547909323,202.95188824436656,850.6400000000002,0.9098562584351428,0.030852952903933244,0.5337212320367416,0.8790033055312096
864691136914445809,699.1109801599488,148.8965539051259,830.4400000000003,1.0712586736594276,0.044840165457638664,0.4002652393745154,1.026418508201789
864691136927688266,689.5858056733607,222.52254938905844,860.3600000000002,0.0,-0.05623299560280474,0.5775968989144773,0.05623299560280474
864691136927732810,693.5530991420899,227.10977758623574,809.6400000000002,0.12192075249270853,0.037667166436725144,0.4833117820102141,0.08425358605598339
864691136953958879,651.6193821207765,126.30341468797211,902.2400000000002,-0.03900442688054213,0.01897527902283133,0.2257197902451054,-0.05797970590337346
864691136968429774,660.9449932098036,236.3348982634298,849.5200000000002,0.4289050588952392,-0.030869528396159092,0.5947342965809714,0.4597745872913983
864691136968529870,659.4784211485813,220.78791712916322,866.4000000000002,-0.1151540418310332,0.062413923147232944,0.6011073160655372,-0.17756796497826616
864691136968542926,682.206992250533,168.81105497239653,813.8400000000003,0.8304059969179091,0.0161487866106048,0.4204723513397006,0.8142572103073042
864691136968585678,707.6064273569903,140.64558348206168,891.5600000000003,-0.39254158693801966,0.05315655523095915,0.33630221596458215,-0.4456981421689788
864691136975144988,705.8631536235612,181.86650521715072,891.6400000000002,-0.0859457716836524,-0.0330888838159234,0.3485782571162627,-0.052856887867729005
864691136976001308,689.8532876532628,125.47255746020545,861.8800000000002,-0.17057726167653564,-0.0239238239071801,0.38272808006044606,-0.14665343776935555
864691137198691137,639.975706707053,111.79338647091319,882.7600000000002,0.26881833241434433,0.04047843105070901,0.233111009083316,0.22833990136363533
